{
    "accuracy": 0.7558552164655784,
    "precision": 0.524451939291737,
    "recall": 0.8337801608579088,
    "f1_score": 0.6438923395445134
}