{
    "accuracy": 0.8197303051809794,
    "precision": 0.683076923076923,
    "recall": 0.5951742627345844,
    "f1_score": 0.6361031518624641
}